target_horizon_days,model_name,feature_count,selection_rows,evaluation_rows,selection_mse,selection_mae,selection_correlation,selection_directional_accuracy,evaluation_mse,evaluation_mae,evaluation_correlation,evaluation_directional_accuracy,nonzero_count,alpha,l1_ratio
1,ridge,8,222,220,9.138781133878946e-05,0.007301931611556785,0.20685445837513433,0.5945945945945946,0.00016580789681658293,0.009366266548835373,0.13774384684447044,0.5727272727272728,8,10.0,
2,elastic_net,8,221,219,0.00017786808470909184,0.010540938298468526,0.2454334176480256,0.6018099547511312,0.00031853090787226367,0.013365471538225336,0.13621902187224952,0.6118721461187214,3,0.003562247890262444,0.5
3,ols,8,220,218,0.000229261207094055,0.011944196906892095,0.3551190454085545,0.6909090909090909,0.0005163990593365875,0.017813777063133418,0.12164760297519094,0.573394495412844,8,,
