rank,objective_value,w1,w2,w3,w4
1,0.17661566303547782,0.0,1.0,0.0,0.0
2,0.17398582573304242,0.1,0.9,0.0,0.0
3,0.1726229496773778,0.0,0.9,0.1,0.0
4,0.17128444947516538,0.2,0.8,0.0,0.0
5,0.16996121287960475,0.1,0.8,0.1,0.0
6,0.16856761348237193,0.0,0.8,0.2,0.0
7,0.1685115604187224,0.30000000000000004,0.7000000000000001,0.0,0.0
8,0.16587400823396262,0.1,0.7000000000000001,0.2,0.0
9,0.16566718390726348,0.4,0.6000000000000001,0.0,0.0
10,0.16543899661671058,0.0,0.9,0.0,0.09999999999999998
