rank,objective_value,w1,w2,w3,w4
1,0.40630837555971866,1.0,0.0,0.0,0.0
2,0.39136097375316914,0.9,0.0,0.1,0.0
3,0.3866913486129355,0.9,0.1,0.0,0.0
4,0.38128764795636816,0.9,0.0,0.0,0.09999999999999998
5,0.37634189008519503,0.8,0.0,0.2,0.0
6,0.3717146367697416,0.8,0.1,0.1,0.0
7,0.3669891693431822,0.8,0.2,0.0,0.0
8,0.36630810289421334,0.8,0.0,0.1,0.09999999999999998
9,0.36163687384095394,0.8,0.1,0.0,0.09999999999999998
10,0.36125100148087,0.7000000000000001,0.0,0.30000000000000004,0.0
