rank,objective_value,w1,w2,w3,w4
1,0.3938128947359211,1.0,0.0,0.0,0.0
2,0.3758578442121636,0.9,0.0,0.0,0.09999999999999998
3,0.3755573647523559,0.9,0.0,0.1,0.0
4,0.3733459635914944,0.9,0.1,0.0,0.0
5,0.35782047020049557,0.8,0.0,0.0,0.19999999999999996
6,0.3575719028169151,0.8,0.0,0.1,0.09999999999999998
7,0.3572360136335021,0.8,0.0,0.2,0.0
8,0.35537090462323245,0.8,0.1,0.0,0.09999999999999998
9,0.35506836029341177,0.8,0.1,0.1,0.0
10,0.3528211459250335,0.8,0.2,0.0,0.0
