rank,objective_value,w1,w2,w3,w4
1,0.32129508464431245,1.0,0.0,0.0,0.0
2,0.31432401436500434,0.9,0.0,0.0,0.09999999999999998
3,0.3119013406644927,0.9,0.0,0.1,0.0
4,0.3108417241293332,0.9,0.1,0.0,0.0
5,0.3072925927215636,0.8,0.0,0.0,0.19999999999999996
6,0.3048990599189514,0.8,0.0,0.1,0.09999999999999998
7,0.30383351028291494,0.8,0.1,0.0,0.09999999999999998
8,0.3024191199688179,0.8,0.0,0.2,0.0
9,0.301414235467655,0.8,0.1,0.1,0.0
10,0.3003234328677009,0.8,0.2,0.0,0.0
