target_horizon_days,selection_rows,evaluation_rows,selection_correlation,selection_directional_accuracy,selection_long_short_strategy_return,evaluation_correlation,evaluation_directional_accuracy,evaluation_long_short_strategy_return
1,230,228,0.1505830270875637,0.591304347826087,0.4664396492480283,0.15246902097626586,0.5087719298245614,0.2597763459825666
2,229,227,0.23939091139198482,0.6200873362445415,1.1426564738548328,0.14173563267996334,0.5374449339207048,0.5656912357620814
3,228,226,0.24694300443771766,0.6271929824561403,1.5577589614541427,0.12177556175558897,0.5176991150442478,0.7839127700588084
4,227,225,0.23455861149159346,0.6299559471365639,2.3264598218055528,0.05901688653434689,0.5288888888888889,1.1256115133893045
5,226,224,0.2421880148899343,0.6106194690265486,3.5737265823706403,0.03846583421595344,0.5401785714285714,1.1404678647499695
