model_name,selection_mse,selection_mae,selection_correlation,selection_directional_accuracy,evaluation_mse,evaluation_mae,evaluation_correlation,evaluation_directional_accuracy,nonzero_count,alpha,l1_ratio
ols,0.0003761964889108615,0.015417269768974735,0.4060563019340731,0.6605504587155964,0.0008064270054662323,0.022752442148574997,0.072990359386755,0.5925925925925926,8,,
elastic_net,0.0004040904393128854,0.015661282636524422,0.3734409479436449,0.6422018348623854,0.000748736341162278,0.0216845697055897,0.06162690633583513,0.6435185185185185,2,0.007880462815669913,0.3
lasso,0.00040427335611855345,0.01566436748410699,0.37336773676745405,0.6422018348623854,0.0007485950474861558,0.021680752522540838,0.06162222754598841,0.6435185185185185,2,0.002395026619987486,
ridge,0.000379850749970652,0.015425692484613783,0.3968789724985808,0.6651376146788991,0.0008021361602321731,0.02261351472170808,0.05219546726763279,0.6018518518518519,8,10.0,
