rank,objective_value,w1,w2,w3,w4
1,0.30008309926310206,1.0,0.0,0.0,0.0
2,0.28312685594601295,0.9,0.0,0.1,0.0
3,0.2780611396689316,0.9,0.1,0.0,0.0
4,0.275061587470545,0.9,0.0,0.0,0.09999999999999998
5,0.2660062890912593,0.8,0.0,0.2,0.0
6,0.2610646903505948,0.8,0.1,0.1,0.0
7,0.25796909959783765,0.8,0.0,0.1,0.09999999999999998
8,0.2559639478530876,0.8,0.2,0.0,0.0
9,0.2529949381673043,0.8,0.1,0.0,0.09999999999999998
10,0.24987817250219113,0.8,0.0,0.0,0.19999999999999996
