target_horizon_days,model_name,feature_count,selection_rows,evaluation_rows,selection_mse,selection_mae,selection_correlation,selection_directional_accuracy,selection_long_short_strategy_return,selection_aic,selection_bic,selection_cv_mse,evaluation_mse,evaluation_mae,evaluation_correlation,evaluation_directional_accuracy,evaluation_long_short_strategy_return,nonzero_count,alpha,l1_ratio
1,lasso,8,222,220,9.538814416345379e-05,0.007509439877131248,-1.880173572286377e-16,0.581081081081081,0.31214436676962865,-2053.1774902192824,-2049.77481283741,0.00010853688833240656,0.00016867038653924183,0.009488112311284555,9.117518399480384e-18,0.5909090909090909,0.4882646738518184,0,0.002395026619987486,
2,ridge,8,221,219,0.00016593807526635445,0.00998365779171184,0.30332643423510336,0.6425339366515838,1.18498221592007,-1905.560989428905,-1874.9775251152453,0.0002156636138821241,0.000322264163871563,0.013606048164506597,0.12713418073817712,0.589041095890411,0.8609617313511044,8,10.0,
3,elastic_net,8,220,218,0.00025655644276861817,0.012777011378609966,0.21531728397314645,0.6136363636363636,1.226087819413943,-1810.995610911746,-1797.4211007263366,0.0003052744985516211,0.0005053988285810614,0.017555051074433083,0.07020441074742519,0.591743119266055,2.227405396193811,3,0.003562247890262444,0.7
