target_horizon_days,model_name,feature_count,selection_rows,evaluation_rows,selection_mse,selection_mae,selection_correlation,selection_directional_accuracy,selection_long_short_strategy_return,selection_aic,selection_bic,selection_cv_mse,evaluation_mse,evaluation_mae,evaluation_correlation,evaluation_directional_accuracy,evaluation_long_short_strategy_return,nonzero_count,alpha,l1_ratio
1,lasso,8,222,220,9.538814416345379e-05,0.007509439877131248,-1.880173572286377e-16,0.581081081081081,0.31214436676962865,-2053.1774902192824,-2049.77481283741,,0.00016867038653924183,0.009488112311284555,9.117518399480384e-18,0.5909090909090909,0.4882646738518184,0,0.002395026619987486,
2,ols,8,221,219,0.0001634320423657987,0.009813684013905992,0.3243367264853425,0.665158371040724,1.3669107803323102,-1908.9240386487368,-1878.340574335077,,0.0003259141330854496,0.013743373581615585,0.12817378149914413,0.5844748858447488,0.9865508161724772,8,,
3,ols,8,220,218,0.000229261207094055,0.011944196906892095,0.3551190454085545,0.6909090909090909,2.247039024853895,-1825.7426836655468,-1795.2000357483755,,0.0005163990593365875,0.017813777063133418,0.12164760297519094,0.573394495412844,1.561102545652659,8,,
