target_horizon_days,model_name,feature_count,selection_rows,evaluation_rows,selection_mse,selection_mae,selection_correlation,selection_directional_accuracy,selection_long_short_strategy_return,evaluation_mse,evaluation_mae,evaluation_correlation,evaluation_directional_accuracy,evaluation_long_short_strategy_return,nonzero_count,alpha,l1_ratio
3,ols,8,220,218,0.000229261207094055,0.011944196906892095,0.3551190454085545,0.6909090909090909,2.247039024853895,0.0005163990593365875,0.017813777063133418,0.12164760297519094,0.573394495412844,1.561102545652659,8,,
2,ols,8,221,219,0.0001634320423657987,0.009813684013905992,0.3243367264853425,0.665158371040724,1.3669107803323102,0.0003259141330854496,0.013743373581615585,0.12817378149914413,0.5844748858447488,0.9865508161724772,8,,
1,ols,8,222,220,8.963418454490632e-05,0.007199820221014678,0.24560443518659028,0.5990990990990991,0.538821605459646,0.0001666893464676717,0.009433111706722192,0.13541495708048673,0.5454545454545454,0.35576781152969694,8,,
